key,name,category,owner,size,type,cost_rd,days,man_days,crew,timber_loads,stone_loads,iron_centner,special_rd,special,upkeep_rd_year,requires,provides,image,min_population
Garrison_Barracks,Infanterikaserne,Garnison,Stat (militær),L,grundmur,57400,150,30000,200,360,1350,240,0,,2300,Købstad over 2.500 indb. med garnisonsgrund,Indkvartering af 1 bataljon (ca. 800 mand),1851_Military_Infantry_Barracks,2500
Garrison_Stables,Stalde,Garnison,Stat (militær),M,grundmur,15300,100,8000,80,96,360,64,0,,610,Infanterikaserne,200 heste opstaldet ved garnisonen,1851_Military_Remount_Depot,0
Garrison_Depot,Depot og magasin,Garnison,Stat (militær),M,grundmur,17200,112,9000,80,108,405,72,0,,690,Infanterikaserne,"Mobiliseringslager til 1 bataljon (uniformer, våben, feltudstyr)",1851_Agriculture_Grain_Warehouse,0
Garrison_Infirmary,Sygestue,Garnison,Stat (militær),S,grundmur,6900,90,3600,40,43,162,29,0,,280,Infanterikaserne,60 senge til garnisonen,1851_Military_Field_Hospital,0
Mobilization_Center,Mobiliseringsdepot,Militær,Stat (militær),L,grundmur,45900,120,24000,200,288,1080,192,0,,1840,Infanterikaserne,Samling og udrustning af reserver,1851_Military_Mobilization_Center,0
Remount_Depot,Remontedepot,Militær,Stat (militær),L,bindingsværk,41900,135,27000,200,756,324,108,0,,1680,Landområde med græsning,Modtagelse og fordeling af 600 erstatningsheste,1851_Military_Remount_Depot,0
Officer_School,Officersskole,Militær,Stat (militær),L,grundmur,68800,180,36000,200,432,1620,288,0,,2750,By over 10.000 indb.,Uddannelse af officerer (langsigtet),1851_Military_Officer_School,0
Arsenal,Arsenal,Militær,Stat (militær),XL,industri,176800,225,90000,400,1080,3600,2700,0,,7070,By over 10.000 indb. med havn,"Lager, reparation og udlevering af materiel",1851_Military_Artillery_Arsenal_01,0
Cannon_Foundry,Kanonstøberi,Militær,Stat (militær),XL,industri,234400,338,99000,400,1188,3960,2970,40000,Boreværk og ovne (import),9380,Maskinværksted; adgang til jern og kul,Nye kanoner og lavetter,1851_Military_Artillery_Works_Cannon_Foundry,0
Rifle_Workshop,Geværværksted,Militær,Stat (militær),M,industri,34600,185,10000,80,120,400,300,15000,Værktøjsmaskiner (import),1380,Maskinværksted,Nye og ombyggede geværer,1851_Military_Rifle_Workshop,0
Ammunition_Works,Ammunitionsfabrik,Militær,Stat (militær),M,industri,25700,142,9000,80,108,360,270,8000,Presser og støbeforme,1030,Krudtværk eller krudtmagasin i nærheden,Patroner og granater,1851_Military_Ammunition_Works,0
Gunpowder_Works,Krudtværk,Militær,Stat (militær),L,industri,57100,150,24000,200,288,960,720,10000,Stampe- og kornværk,2280,Vandløb; mindst 2 km fra by,Krudt,1851_Military_Gunpowder_Works,0
Powder_Magazine,Krudtmagasin,Militær,Stat (militær),S,jordværk,3800,98,3900,40,23,23,8,0,,150,Uden for byen,Sikkert krudtlager,1851_Military_Powder_Magazine,0
Coastal_Battery,Kystbatteri,Militær,Stat (militær),M,jordværk,21800,125,10000,80,60,60,20,12000,6 kystkanoner fra arsenalet,870,Kyst ved sejlløb,Forsvar af havn eller sejlløb,1851_Military_Coastal_Battery,0
Star_Fort,Skanse / fæstningsværk,Militær,Stat (militær),XXL,jordværk,275000,312,250000,800,1500,1500,500,30000,"Palisader, blokhuse og kanoner",11000,"Strategisk punkt (fx Dannevirke, Dybbøl, Fredericia)",Permanent forsvarsstilling,1851_Military_Fortification_Star_Fort,0
Field_Hospital,Lazaret,Sundhed,Stat (militær),M,grundmur,19100,125,10000,80,120,450,80,0,,760,By over 2.500 indb.,200 senge; hurtigere helbredelse af sårede,1851_Military_Field_Hospital,0
Hospital,Sygehus,Sundhed,By,L,grundmur,63100,165,33000,200,396,1485,264,0,,1260,By over 5.000 indb.,300 senge; civil og militær behandling,1851_Medical_Hospital,0
Town_Hall,Rådhus,Civil,By,M,grundmur,24900,162,13000,80,156,585,104,0,,500,Købstad,Administration og ro i byen,1851_Civic_Town_Hall,0
Courthouse,Tinghus / domhus,Civil,Stat,M,grundmur,21000,138,11000,80,132,495,88,0,,630,Amtsby,Retspleje og orden i amtet,1851_Civic_Courthouse,0
Post_Office,Posthus,Civil,Stat,S,grundmur,5700,75,3000,40,36,135,24,0,,170,Købstad,Post og rapporter hurtigere,1851_Civic_Post_Office,0
Schoolhouse,Skole,Civil,By,S,grundmur,4000,52,2100,40,25,94,17,0,,80,,Uddannelse (langsigtet),1851_Civic_Schoolhouse,0
Telegraph_Office,Telegrafstation,Infrastruktur,Stat,S,grundmur,6900,68,1500,40,18,68,12,4000,Apparater og batterier (plus ledning pr. km),210,Fra 1854 (den første danske telegraf),Øjeblikkelige ordrer og rapporter,1851_Infrastructure_Telegraph_Office,0
Railway_Station,Jernbanestation,Infrastruktur,Stat,M,grundmur,19100,125,10000,80,120,450,80,0,,570,Jernbanelinje (1851: kun København-Roskilde),Lastning og losning af tog,1851_Infrastructure_Railway_Station,0
Freight_Depot,Godsbanegård,Infrastruktur,Stat,M,industri,15700,100,8000,80,96,320,240,0,,470,Jernbanestation,Større godskapacitet på banen,1851_Infrastructure_Freight_Depot,0
Railway_Gatehouse,Banevogterhus,Infrastruktur,Stat,XS,grundmur,1500,53,800,15,10,36,6,0,,40,Jernbanelinje,Sikker overkørsel og banevogter,1851_Infrastructure_Railway_Gatehouse,0
Stone_Bridge,Stenbro,Infrastruktur,Stat,M,stenværk,20200,112,9000,80,90,540,90,0,,610,Vej over å,Fast overgang; tåler tung trafik,1851_Infrastructure_Stone_Bridge,0
Harbor_Building,Toldbod / havnekontor,Havn,Stat,S,grundmur,6900,90,3600,40,43,162,29,0,,210,Havneby,Told og havneadministration,1851_Port_Harbor_Building,0
Harbor_Warehouse,Havnepakhus,Havn,By,M,grundmur,21000,138,11000,80,132,495,88,0,,420,Havneby,Lager ved kajen (import og eksport),1851_Port_Harbor_Warehouse,0
Lighthouse,Fyrtårn,Havn,Stat,S,stenværk,12400,150,4200,40,42,252,42,3000,Linseapparat (import),370,Kyst,Sikrere sejlads om natten,1851_Port_Lighthouse,0
Shipyard,Skibsværft,Havn,Privat,XL,bindingsværk,131700,180,72000,400,2016,864,288,20000,Beddinger og kraner,0,Havneby,Bygning og reparation af skibe,1851_Port_Shipyard,0
Admiralty_Office,Marinestation,Havn,Stat (militær),M,grundmur,22900,150,12000,80,144,540,96,0,,920,Orlogshavn,Flådens administration og forsyning,1851_Port_Admiralty_Office,0
Brickworks,Teglværk,Industri,Privat,M,grundmur,17300,100,8000,80,96,360,64,2000,Ringovn,0,Lerforekomst,Byggematerialer,1851_Industry_Brickworks,0
Sawmill,Savværk,Industri,Privat,S,bindingsværk,7700,105,3000,40,84,36,12,3000,Vandhjul eller dampmaskine,0,Skov i amtet,Tømmer,1851_Industry_Sawmill,0
Machine_Workshop,Maskinværksted,Industri,Privat,M,industri,31600,185,10000,80,120,400,300,12000,Dampmaskine og drejebænke (import),0,By over 10.000 indb.,Maskinkapacitet og reparationer,1851_Industry_Machine_Workshop,0
Wagon_Works,Vognfabrik,Industri,Privat,M,bindingsværk,10900,88,7000,80,196,84,28,0,,0,Købstad,Vogne til hær og civilsamfund,1851_Industry_Wagon_Works,0
Saddlery,Sadelmageri,Industri,Privat,S,bindingsværk,3700,60,2400,40,67,29,10,0,,0,Købstad,Seletøj og sadler,1851_Industry_Saddlery_Workshop,0
Tannery,Garveri,Industri,Privat,S,bindingsværk,4200,68,2700,40,76,32,11,0,,0,Købstad ved vand,Læder,1851_Industry_Tannery_Leatherworks,0
Textile_Mill,Klædefabrik,Industri,Privat,L,industri,78900,210,30000,200,360,1200,900,20000,Væve og spindemaskiner (import),0,By over 5.000 indb.,Klæde til uniformer,1851_Industry_Textile_Mill,0
Brewery,Bryggeri og brænderi,Industri,Privat,M,grundmur,20200,112,9000,80,108,405,72,3000,Kobberkedler,0,Købstad,Skatteindtægt og fødevarer,1851_Industry_Brewery_Distillery,0
Coal_Mine,Kulmine,Industri,Privat,L,industri,66900,180,30000,200,360,1200,900,8000,Pumpe og hejseværk,0,Kun Bornholm,Kul,1851_Industry_Coal_Mine,0
Merchant_House,Købmandsgård,Handel,Privat,M,grundmur,15300,100,8000,80,96,360,64,0,,0,Købstad,Handel og lager,1851_Commerce_Merchant_House_Shop,0
Grain_Warehouse,Kornmagasin,Landbrug,Stat,M,grundmur,19100,125,10000,80,120,450,80,0,,570,Købstad eller havn,Regional kornreserve,1851_Agriculture_Grain_Warehouse,0
Stud_Farm,Stutteri,Landbrug,Stat,L,bindingsværk,42200,120,24000,200,672,288,96,5000,Avlsheste,1270,Landområde med græsning,Avl af heste (virker efter år),1851_Agriculture_Stud_Farm,0
Church,Kirke,Kirke,By,L,grundmur,40200,105,21000,200,252,945,168,0,,800,,Sognets kirke,1851_Religious_Church,0
Estate_Mansion,Herregård,Bolig,Privat,L,grundmur,80300,210,42000,200,504,1890,336,0,,0,,Godsets hovedbygning,1851_Residential_Estate_Mansion,0
Manor_House,Proprietærgård,Bolig,Privat,M,grundmur,22900,150,12000,80,144,540,96,0,,0,,Større landbrug,1851_Residential_Manor_House,0
Barn,Lade,Land,Privat,S,bindingsværk,3700,60,2400,40,67,29,10,0,,0,,Høst- og foderlager,1851_Rural_Barn,0
Blacksmith,Smedje,Land,Privat,XS,grundmur,1500,53,800,15,10,36,6,0,,0,,Beslag og reparationer,1851_Rural_Blacksmith_Forge,0
Cottage,Husmandssted,Land,Privat,XS,bindingsværk,1000,43,640,15,18,8,3,0,,0,,Bolig for husmand,1851_Rural_Cottage_Thatched,0
Farmhouse,Bondegård (firlænget),Land,Privat,S,bindingsværk,6100,98,3900,40,109,47,16,0,,0,,Landbrug,1851_Rural_Farmhouse,0
Inn,Kro,Land,Privat,S,bindingsværk,5100,82,3300,40,92,40,13,0,,0,Landevej,Rasteplads for rejsende og tropper,1851_Rural_Inn_Tavern,0
Stable,Stald,Land,Privat,S,bindingsværk,3300,52,2100,40,59,25,8,0,,0,,Heste og kvæg,1851_Rural_Stable,0
Windmill,Vindmølle,Land,Privat,S,bindingsværk,5200,60,2400,40,67,29,10,1500,Møllehat og kværne,0,,Mel til by og hær,1851_Rural_Windmill,0
